{"loss": 0.00015084282495081425, "_timestamp": 1672928444.2706711, "_runtime": 331.0044901371002, "_step": 2499, "gradients/fc2.bias": {"_type": "histogram", "values": [1.0, 0.0, 0.0, 0.0, 0.0, 0.0, 0.0, 0.0, 0.0, 0.0, 0.0, 0.0, 1.0, 0.0, 0.0, 0.0, 1.0, 0.0, 0.0, 0.0, 0.0, 0.0, 0.0, 0.0, 1.0, 0.0, 1.0, 0.0, 0.0, 1.0, 0.0, 0.0, 0.0, 0.0, 2.0, 0.0, 0.0, 0.0, 0.0, 0.0, 0.0, 0.0, 0.0, 0.0, 0.0, 0.0, 0.0, 0.0, 0.0, 0.0, 0.0, 0.0, 0.0, 0.0, 0.0, 0.0, 0.0, 0.0, 1.0, 0.0, 0.0, 0.0, 0.0, 1.0], "bins": [-0.0042868745513260365, -0.004144045524299145, -0.004001216497272253, -0.003858387703076005, -0.0037155586760491133, -0.0035727296490222216, -0.0034299008548259735, -0.003287071827799082, -0.00314424280077219, -0.0030014137737452984, -0.0028585847467184067, -0.0027157559525221586, -0.002572926925495267, -0.002430097898468375, -0.002287269104272127, -0.0021444400772452354, -0.0020016110502183437, -0.001858782023191452, -0.0017159531125798821, -0.0015731242019683123, -0.0014302951749414206, -0.0012874661479145288, -0.001144637237302959, -0.001001808326691389, -0.0008589792996644974, -0.0007161503308452666, -0.0005733213620260358, -0.000430492393206805, -0.0002876634243875742, -0.0001448344555683434, -2.005486749112606e-06, 0.0001408234820701182, 0.000283652450889349, 0.0004264814197085798, 0.0005693103885278106, 0.0007121393573470414, 0.0008549683261662722, 0.0009977973531931639, 0.0011406262638047338, 0.0012834551744163036, 0.0014262842014431953, 0.001569113228470087, 0.001711942139081657, 0.0018547710496932268, 0.0019976000767201185, 0.0021404291037470102, 0.0022832578979432583, 0.00242608692497015, 0.0025689159519970417, 0.0027117449790239334, 0.002854574006050825, 0.002997402800247073, 0.003140231827273965, 0.0032830608543008566, 0.0034258896484971046, 0.0035687186755239964, 0.003711547702550888, 0.0038543767295777798, 0.0039972057566046715, 0.004140034783631563, 0.004282863810658455, 0.004425692372024059, 0.004568521399050951, 0.004711350426077843, 0.004854179453104734]}, "gradients/fc2.weight": {"_type": "histogram", "values": [2.0, 1.0, 0.0, 0.0, 0.0, 0.0, 0.0, 0.0, 1.0, 0.0, 0.0, 1.0, 1.0, 0.0, 0.0, 1.0, 1.0, 1.0, 2.0, 3.0, 1.0, 2.0, 0.0, 0.0, 2.0, 2.0, 4.0, 3.0, 8.0, 11.0, 29.0, 111.0, 1021.0, 31.0, 11.0, 5.0, 3.0, 2.0, 1.0, 2.0, 0.0, 0.0, 2.0, 0.0, 2.0, 4.0, 0.0, 0.0, 2.0, 0.0, 0.0, 1.0, 2.0, 0.0, 0.0, 0.0, 0.0, 1.0, 0.0, 0.0, 0.0, 0.0, 1.0, 2.0], "bins": [-0.12939999997615814, -0.12535731494426727, -0.1213146299123764, -0.11727193742990494, -0.11322925239801407, -0.1091865673661232, -0.10514387488365173, -0.10110118985176086, -0.09705850481987, -0.09301581978797913, -0.08897313475608826, -0.08493044227361679, -0.08088775724172592, -0.07684507220983505, -0.07280237972736359, -0.06875969469547272, -0.06471700966358185, -0.06067432463169098, -0.05663163587450981, -0.052588947117328644, -0.048546262085437775, -0.044503577053546906, -0.04046088829636574, -0.03641819953918457, -0.0323755145072937, -0.028332827612757683, -0.024290140718221664, -0.020247453823685646, -0.016204766929149628, -0.01216208003461361, -0.008119393140077591, -0.004076706245541573, -3.400444984436035e-05, 0.004008682444691658, 0.008051369339227676, 0.012094056233763695, 0.016136743128299713, 0.02017943002283573, 0.02422211691737175, 0.028264803811907768, 0.03230749070644379, 0.036350175738334656, 0.04039286449551582, 0.04443555325269699, 0.04847823828458786, 0.05252092331647873, 0.0565636120736599, 0.060606300830841064, 0.06464898586273193, 0.0686916708946228, 0.07273435592651367, 0.07677704840898514, 0.08081973344087601, 0.08486241847276688, 0.08890511095523834, 0.09294779598712921, 0.09699048101902008, 0.10103316605091095, 0.10507585108280182, 0.10911854356527328, 0.11316122859716415, 0.11720391362905502, 0.12124660611152649, 0.12528929114341736, 0.12933197617530823]}, "gradients/fc1.bias": {"_type": "histogram", "values": [1.0, 0.0, 0.0, 0.0, 0.0, 0.0, 0.0, 0.0, 0.0, 1.0, 0.0, 0.0, 0.0, 1.0, 1.0, 3.0, 0.0, 1.0, 0.0, 2.0, 1.0, 2.0, 0.0, 6.0, 5.0, 1.0, 12.0, 67.0, 5.0, 4.0, 5.0, 1.0, 2.0, 0.0, 0.0, 0.0, 0.0, 1.0, 0.0, 2.0, 0.0, 0.0, 0.0, 0.0, 0.0, 1.0, 1.0, 0.0, 0.0, 0.0, 1.0, 0.0, 0.0, 0.0, 0.0, 0.0, 0.0, 0.0, 0.0, 0.0, 0.0, 0.0, 0.0, 1.0], "bins": [-0.0021259672939777374, -0.0020487818401306868, -0.001971596386283636, -0.0018944109324365854, -0.0018172254785895348, -0.001740040024742484, -0.0016628545708954334, -0.0015856691170483828, -0.001508483663201332, -0.0014312982093542814, -0.0013541127555072308, -0.00127692730166018, -0.0011997418478131294, -0.0011225563939660788, -0.001045370940119028, -0.0009681854862719774, -0.0008910000324249268, -0.0008138145785778761, -0.0007366291247308254, -0.0006594436708837748, -0.0005822582170367241, -0.0005050727631896734, -0.00042788730934262276, -0.0003507018554955721, -0.0002735164016485214, -0.00019633094780147076, -0.00011914549395442009, -4.196004010736942e-05, 3.5225413739681244e-05, 0.00011241086758673191, 0.00018959632143378258, 0.00026678177528083324, 0.0003439672291278839, 0.0004211526829749346, 0.0004983381368219852, 0.0005755235906690359, 0.0006527090445160866, 0.0007298944983631372, 0.0008070799522101879, 0.0008842654060572386, 0.0009614508599042892, 0.00103863631375134, 0.0011158217675983906, 0.0011930072214454412, 0.001270192675292492, 0.0013473781291395426, 0.0014245635829865932, 0.001501749036833644, 0.0015789344906806946, 0.0016561199445277452, 0.001733305398374796, 0.0018104908522218466, 0.0018876763060688972, 0.001964861759915948, 0.0020420472137629986, 0.0021192326676100492, 0.0021964181214571, 0.0022736035753041506, 0.0023507890291512012, 0.002427974482998252, 0.0025051599368453026, 0.0025823453906923532, 0.002659530844539404, 0.0027367162983864546, 0.0028139017522335052]}, "gradients/fc1.weight": {"_type": "histogram", "values": [1.0, 0.0, 0.0, 0.0, 4.0, 3.0, 2.0, 3.0, 4.0, 9.0, 11.0, 15.0, 22.0, 38.0, 48.0, 48.0, 98.0, 102.0, 161.0, 226.0, 327.0, 369.0, 495.0, 730.0, 1036.0, 1682.0, 3850.0, 12223.0, 1144398.0, 6873.0, 2363.0, 1152.0, 757.0, 509.0, 407.0, 366.0, 253.0, 224.0, 187.0, 130.0, 116.0, 82.0, 81.0, 62.0, 33.0, 37.0, 29.0, 21.0, 15.0, 16.0, 8.0, 7.0, 4.0, 2.0, 3.0, 1.0, 1.0, 1.0, 2.0, 0.0, 0.0, 0.0, 0.0, 1.0], "bins": [-0.010403634048998356, -0.01003764383494854, -0.009671653620898724, -0.009305662475526333, -0.008939672261476517, -0.0085736820474267, -0.008207691833376884, -0.007841701619327068, -0.007475710939615965, -0.007109720725566149, -0.006743730045855045, -0.006377739831805229, -0.006011749617755413, -0.00564575893804431, -0.0052797687239944935, -0.00491377804428339, -0.004547787830233574, -0.004181797616183758, -0.0038158069364726543, -0.003449816722422838, -0.0030838262755423784, -0.0027178358286619186, -0.0023518456146121025, -0.0019858551677316427, -0.0016198651865124702, -0.0012538747396320105, -0.0008878844091668725, -0.0005218940204940736, -0.00015590363182127476, 0.00021008675685152411, 0.000576077145524323, 0.0009420675341971219, 0.0013080593198537827, 0.0016740497667342424, 0.0020400402136147022, 0.0024060304276645184, 0.002772020874544978, 0.003138011321425438, 0.003504001535475254, 0.003869991982355714, 0.004235982894897461, 0.004601973108947277, 0.0049679637886583805, 0.005333954002708197, 0.0056999446824193, 0.006065934896469116, 0.006431925110518932, 0.006797915790230036, 0.007163905538618565, 0.007529895752668381, 0.007895885966718197, 0.008261877112090588, 0.008627867326140404, 0.00899385754019022, 0.009359847754240036, 0.009725837968289852, 0.010091828182339668, 0.010457818396389484, 0.0108238086104393, 0.011189799755811691, 0.011555789969861507, 0.011921780183911324, 0.01228777039796114, 0.012653760612010956, 0.013019751757383347]}, "gradients/conv2.weight": {"_type": "histogram",