{"loss": 0.0005727338721044362, "_timestamp": 1672916067.072031, "_runtime": 88.32984495162964, "_step": 1174, "gradients/fc2.bias": {"_type": "histogram", "values": [1.0, 0.0, 0.0, 1.0, 0.0, 0.0, 0.0, 1.0, 1.0, 0.0, 0.0, 0.0, 0.0, 0.0, 0.0, 0.0, 0.0, 0.0, 0.0, 0.0, 0.0, 1.0, 1.0, 0.0, 0.0, 0.0, 0.0, 1.0, 0.0, 0.0, 0.0, 0.0, 1.0, 0.0, 0.0, 0.0, 0.0, 0.0, 0.0, 0.0, 0.0, 0.0, 0.0, 0.0, 1.0, 0.0, 0.0, 0.0, 0.0, 0.0, 0.0, 0.0, 0.0, 0.0, 0.0, 0.0, 0.0, 0.0, 0.0, 0.0, 0.0, 0.0, 0.0, 1.0], "bins": [-0.009603346697986126, -0.009188482537865639, -0.008773617446422577, -0.00835875328630209, -0.007943889126181602, -0.007529024966061115, -0.007114160340279341, -0.006699295714497566, -0.006284431554377079, -0.005869567394256592, -0.005454702768474817, -0.005039838142693043, -0.0046249739825725555, -0.004210109822452068, -0.003795245196670294, -0.003380380803719163, -0.002965516410768032, -0.002550652017816901, -0.0021357876248657703, -0.0017209232319146395, -0.0013060588389635086, -0.0008911944460123777, -0.00047633005306124687, -6.1465660110116e-05, 0.00035339873284101486, 0.0007682631257921457, 0.0011831275187432766, 0.0015979919116944075, 0.0020128563046455383, 0.002427720697596669, 0.0028425850905478, 0.003257449483498931, 0.003672312945127487, 0.004087177105247974, 0.004502041731029749, 0.0049169063568115234, 0.005331770516932011, 0.005746634677052498, 0.006161499302834272, 0.006576363928616047, 0.006991228088736534, 0.007406092248857021, 0.007820956408977509, 0.00823582150042057, 0.008650685660541058, 0.009065549820661545, 0.009480414912104607, 0.009895279072225094, 0.010310143232345581, 0.010725007392466068, 0.011139871552586555, 0.011554736644029617, 0.011969600804150105, 0.012384464964270592, 0.012799330055713654, 0.01321419421583414, 0.013629058375954628, 0.014043922536075115, 0.014458786696195602, 0.014873651787638664, 0.015288515947759151, 0.01570338010787964, 0.0161182451993227, 0.016533108428120613, 0.016947973519563675]}, "gradients/fc2.weight": {"_type": "histogram", "values": [1.0, 0.0, 0.0, 0.0, 0.0, 0.0, 0.0, 2.0, 0.0, 0.0, 0.0, 0.0, 0.0, 1.0, 1.0, 0.0, 3.0, 1.0, 0.0, 1.0, 1.0, 1.0, 4.0, 5.0, 7.0, 7.0, 8.0, 8.0, 13.0, 6.0, 14.0, 11.0, 20.0, 971.0, 78.0, 31.0, 13.0, 12.0, 13.0, 6.0, 7.0, 6.0, 5.0, 5.0, 6.0, 1.0, 2.0, 0.0, 0.0, 2.0, 3.0, 1.0, 1.0, 0.0, 0.0, 1.0, 0.0, 0.0, 0.0, 0.0, 0.0, 0.0, 0.0, 1.0], "bins": [-0.36431655287742615, -0.353514701128006, -0.3427128493785858, -0.33191102743148804, -0.32110917568206787, -0.3103073239326477, -0.29950547218322754, -0.2887036204338074, -0.2779017686843872, -0.26709991693496704, -0.2562980651855469, -0.2454962283372879, -0.23469439148902893, -0.22389253973960876, -0.2130906879901886, -0.20228885114192963, -0.19148701429367065, -0.1806851625442505, -0.16988332569599152, -0.15908147394657135, -0.14827963709831238, -0.1374777853488922, -0.12667593359947205, -0.11587408930063248, -0.10507223010063171, -0.09427038580179214, -0.08346854150295258, -0.07266668975353241, -0.06186484545469284, -0.05106300115585327, -0.040261153131723404, -0.029459306970238686, -0.01865750551223755, -0.00785565935075283, 0.002946186810731888, 0.013748032972216606, 0.024549879133701324, 0.035351723432540894, 0.04615357145667076, 0.05695541948080063, 0.067757248878479, 0.07855909317731857, 0.08936093747615814, 0.10016278922557831, 0.11096463352441788, 0.12176647782325745, 0.1325683295726776, 0.14337016642093658, 0.15417203307151794, 0.1649738848209381, 0.17577572166919708, 0.18657757341861725, 0.19737941026687622, 0.2081812620162964, 0.21898311376571655, 0.22978495061397552, 0.2405868023633957, 0.25138863921165466, 0.26219049096107483, 0.272992342710495, 0.28379419445991516, 0.2945960462093353, 0.3053978681564331, 0.31619971990585327, 0.32700157165527344]}, "gradients/fc1.bias": {"_type": "histogram", "values": [1.0, 1.0, 0.0, 0.0, 0.0, 0.0, 0.0, 0.0, 0.0, 1.0, 0.0, 0.0, 1.0, 1.0, 1.0, 0.0, 1.0, 5.0, 1.0, 3.0, 2.0, 4.0, 3.0, 3.0, 7.0, 64.0, 4.0, 4.0, 1.0, 1.0, 0.0, 1.0, 3.0, 2.0, 2.0, 0.0, 1.0, 1.0, 1.0, 0.0, 0.0, 0.0, 1.0, 0.0, 1.0, 1.0, 1.0, 1.0, 0.0, 0.0, 1.0, 0.0, 0.0, 0.0, 0.0, 1.0, 0.0, 0.0, 0.0, 0.0, 0.0, 0.0, 0.0, 1.0], "bins": [-0.004565370734781027, -0.0043870736844837666, -0.004208776168525219, -0.004030479118227959, -0.003852181602269411, -0.003673884551972151, -0.003495587268844247, -0.003317289985716343, -0.003138992702588439, -0.002960695419460535, -0.002782398136332631, -0.002604100853204727, -0.002425803802907467, -0.002247506519779563, -0.002069209236651659, -0.001890911953523755, -0.0017126146703958511, -0.0015343173872679472, -0.0013560201041400433, -0.0011777229374274611, -0.0009994256542995572, -0.0008211283711716533, -0.0006428311462514102, -0.00046453389222733676, -0.00028623687103390694, -0.00010793961700983346, 7.035763701424003e-05, 0.0002486548910383135, 0.000426952145062387, 0.0006052494281902909, 0.000783546653110534, 0.000961843878030777, 0.0011401418596506119, 0.0013184391427785158, 0.0014967364259064198, 0.0016750335926190019, 0.0018533308757469058, 0.002031628042459488, 0.002209925325587392, 0.002388222608715296, 0.0025665201246738434, 0.0027448174078017473, 0.0029231146909296513, 0.003101411974057555, 0.003279709257185459, 0.0034580063074827194, 0.0036363035906106234, 0.0038146008737385273, 0.003992897924035788, 0.004171194974333048, 0.0043494924902915955, 0.004527789540588856, 0.004706087056547403, 0.004884384106844664, 0.005062681622803211, 0.0052409786731004715, 0.005419275723397732, 0.005597572773694992, 0.00577587028965354, 0.0059541673399508, 0.0061324648559093475, 0.006310761906206608, 0.006489059422165155, 0.006667356472462416, 0.006845653988420963]}, "gradients/fc1.weight": {"_type": "histogram", "values": [2.0, 1.0, 0.0, 0.0, 2.0, 3.0, 5.0, 11.0, 10.0, 19.0, 26.0, 44.0, 64.0, 88.0, 109.0, 167.0, 242.0, 314.0, 487.0, 727.0, 1132.0, 1810.0, 2634.0, 4371.0, 8134.0, 19520.0, 1098196.0, 17135.0, 7054.0, 4355.0, 3214.0, 2456.0, 1799.0, 1215.0, 926.0, 747.0, 526.0, 483.0, 356.0, 262.0, 231.0, 178.0, 137.0, 107.0, 74.0, 59.0, 60.0, 46.0, 29.0, 20.0, 11.0, 7.0, 15.0, 8.0, 6.0, 5.0, 2.0, 2.0, 2.0, 1.0, 0.0, 1.0, 0.0, 1.0], "bins": [-0.018300428986549377, -0.01761312037706375, -0.016925811767578125, -0.0162385031580925, -0.015551194548606873, -0.014863886870443821, -0.014176578260958195, -0.013489269651472569, -0.012801961041986942, -0.012114652432501316, -0.01142734382301569, -0.010740035213530064, -0.010052727535367012, -0.009365418925881386, -0.00867811031639576, -0.007990801706910133, -0.007303493097424507, -0.006616184487938881, -0.005928875878453255, -0.005241567734628916, -0.0045542591251432896, -0.0038669505156576633, -0.0031796421390026808, -0.002492333762347698, -0.0018050260841846466, -0.0011177175911143422, -0.0004304090980440378, 0.0002568993950262666, 0.000944207888096571, 0.0016315163811668754, 0.0023188248742371798, 0.0030061332508921623, 0.003693442791700363, 0.004380751401185989, 0.005068060010671616, 0.0057553681544959545, 0.006442676763981581, 0.007129985373467207, 0.007817293517291546, 0.008504602126777172, 0.009191911667585373, 0.009879220277071, 0.010566528886556625, 0.011253837496042252, 0.011941146105527878, 0.01262845378369093, 0.013315762393176556, 0.014003071002662182, 0.014690378680825233, 0.01537768729031086, 0.016064995899796486, 0.016752304509282112, 0.01743961311876774, 0.018126921728253365, 0.01881423033773899, 0.019501538947224617, 0.020188845694065094, 0.02087615430355072, 0.021563462913036346, 0.022250771522521973, 0.0229380801320076, 0.023625388741493225, 0.02431269735097885, 0.025000005960464478, 0.025687314569950104]}, "gradients/conv2.weight": {"_type": "histogram", "values": [1.0, 1.0, 5.0, 5.0, 4.0, 7.0, 5.0, 15.0, 27.0, 37.0, 61.0, 60.0, 114.0, 159.0, 206.0, 329.0, 518.0, 677.0, 1001.0, 1493.0, 2438.0, 5196.0, 2374.0, 1096.0, 671.0, 457.0, 293.0, 227.0, 182.0, 142.0, 119.0, 81.0, 82.0, 56.0, 32.0, 35.0, 23.0, 14.0, 18.0, 15.0, 17.0, 12.0, 12.0, 12.0, 24.0, 17.0, 5.0, 1.0, 2.0, 1.0, 5.0, 2.0, 7.0, 7.0, 3.0, 5.0, 5.0, 3.0, 1.0, 2.0, 2.0, 6.0, 1.0, 4.0],