{"loss": 0.0003199963248334825, "_timestamp": 1672915925.2268732, "_runtime": 184.86279821395874, "_step": 2450, "gradients/fc2.bias": {"_type": "histogram", "values": [1.0, 0.0, 0.0, 0.0, 0.0, 0.0, 0.0, 0.0, 0.0, 0.0, 0.0, 0.0, 0.0, 0.0, 0.0, 0.0, 0.0, 0.0, 0.0, 0.0, 0.0, 0.0, 0.0, 0.0, 0.0, 0.0, 0.0, 0.0, 0.0, 0.0, 0.0, 1.0, 1.0, 0.0, 0.0, 0.0, 0.0, 1.0, 0.0, 3.0, 0.0, 0.0, 0.0, 0.0, 1.0, 0.0, 0.0, 1.0, 0.0, 0.0, 0.0, 0.0, 0.0, 0.0, 0.0, 0.0, 0.0, 0.0, 0.0, 0.0, 0.0, 0.0, 0.0, 1.0], "bins": [-0.003996661864221096, -0.003890128107741475, -0.003783594351261854, -0.003677060827612877, -0.003570527071133256, -0.003463993314653635, -0.003357459558174014, -0.003250925801694393, -0.003144392278045416, -0.003037858521565795, -0.002931324765086174, -0.0028247912414371967, -0.002718257484957576, -0.002611723728477955, -0.002505189971998334, -0.002398656215518713, -0.002292122459039092, -0.002185588702559471, -0.00207905494607985, -0.001972521422430873, -0.001865987665951252, -0.001759453909471631, -0.0016529201529920101, -0.001546386512927711, -0.0014398526400327682, -0.0013333188835531473, -0.0012267852434888482, -0.0011202514870092273, -0.0010137178469449282, -0.0009071840904653072, -0.0008006503339856863, -0.0006941166357137263, -0.0005875828210264444, -0.0004810491227544844, -0.00037451539537869394, -0.00026798166800290346, -0.00016144796973094344, -5.491425690706819e-05, 5.1619455916807055e-05, 0.0001581531687406823, 0.0002646867651492357, 0.00037122046342119575, 0.0004777541907969862, 0.0005842879181727767, 0.0006908216164447367, 0.0007973553147166967, 0.0009038890711963177, 0.0010104227112606168, 0.0011169565841555595, 0.0012234903406351805, 0.0013300239806994796, 0.0014365577371791005, 0.0015430913772433996, 0.0016496251337230206, 0.0017561588902026415, 0.0018626925302669406, 0.0019692261703312397, 0.0020757599268108606, 0.0021822936832904816, 0.002288827206939459, 0.0023953609634190798, 0.0025018947198987007, 0.0026084284763783216, 0.0027149622328579426, 0.0028214959893375635]}, "gradients/fc2.weight": {"_type": "histogram", "values": [1.0, 1.0, 1.0, 0.0, 0.0, 1.0, 0.0, 0.0, 0.0, 0.0, 2.0, 0.0, 1.0, 0.0, 1.0, 0.0, 1.0, 0.0, 1.0, 0.0, 1.0, 1.0, 1.0, 0.0, 5.0, 2.0, 2.0, 6.0, 5.0, 10.0, 11.0, 50.0, 1102.0, 33.0, 7.0, 10.0, 5.0, 1.0, 1.0, 4.0, 1.0, 0.0, 1.0, 1.0, 0.0, 0.0, 1.0, 1.0, 1.0, 1.0, 0.0, 1.0, 0.0, 1.0, 0.0, 0.0, 0.0, 1.0, 0.0, 0.0, 0.0, 1.0, 1.0, 1.0], "bins": [-0.10548236221075058, -0.10220029205083847, -0.09891822189092636, -0.09563615173101425, -0.09235408902168274, -0.08907201886177063, -0.08578994870185852, -0.08250787854194641, -0.0792258083820343, -0.07594373822212219, -0.07266166806221008, -0.06937959790229797, -0.06609752774238586, -0.06281546503305435, -0.05953339487314224, -0.05625132471323013, -0.052969254553318024, -0.049687184393405914, -0.046405114233493805, -0.043123047798871994, -0.039840977638959885, -0.036558907479047775, -0.033276841044425964, -0.029994770884513855, -0.026712700724601746, -0.023430630564689636, -0.020148562267422676, -0.016866493970155716, -0.013584423810243607, -0.010302354581654072, -0.007020285353064537, -0.0037382161244750023, -0.00045615434646606445, 0.0028259148821234703, 0.006107984110713005, 0.00939005333930254, 0.012672122567892075, 0.015954192727804184, 0.019236261025071144, 0.022518329322338104, 0.025800399482250214, 0.029082469642162323, 0.03236453980207443, 0.03564660623669624, 0.03892867639660835, 0.04221074655652046, 0.04549281299114227, 0.04877488315105438, 0.05205695331096649, 0.0553390234708786, 0.05862109363079071, 0.06190316006541252, 0.06518523395061493, 0.06846729665994644, 0.07174936681985855, 0.07503143697977066, 0.07831350713968277, 0.08159557729959488, 0.08487764745950699, 0.0881597176194191, 0.09144178032875061, 0.09472385048866272, 0.09800592064857483, 0.10128799080848694, 0.10457006096839905]}, "gradients/fc1.bias": {"_type": "histogram", "values": [2.0, 0.0, 0.0, 0.0, 0.0, 0.0, 0.0, 0.0, 0.0, 1.0, 0.0, 1.0, 0.0, 1.0, 0.0, 0.0, 0.0, 0.0, 1.0, 0.0, 0.0, 0.0, 0.0, 0.0, 1.0, 1.0, 0.0, 0.0, 1.0, 0.0, 3.0, 2.0, 5.0, 6.0, 78.0, 8.0, 5.0, 5.0, 2.0, 1.0, 1.0, 0.0, 0.0, 0.0, 0.0, 1.0, 0.0, 0.0, 0.0, 0.0, 0.0, 1.0, 0.0, 0.0, 0.0, 0.0, 0.0, 0.0, 0.0, 0.0, 0.0, 0.0, 0.0, 1.0], "bins": [-0.001976204104721546, -0.0019195589702576399, -0.0018629138357937336, -0.0018062685849145055, -0.0017496234504505992, -0.001692978315986693, -0.0016363331815227866, -0.0015796879306435585, -0.0015230427961796522, -0.001466397661715746, -0.0014097525272518396, -0.0013531072763726115, -0.0012964621419087052, -0.001239817007444799, -0.0011831718729808927, -0.0011265266221016645, -0.0010698814876377583, -0.001013236353173852, -0.0009565911605022848, -0.0008999460260383785, -0.0008433008333668113, -0.000786655698902905, -0.0007300105062313378, -0.0006733653717674315, -0.0006167202955111861, -0.0005600751610472798, -0.0005034299683757126, -0.0004467848048079759, -0.00039013964124023914, -0.00033349450677633286, -0.0002768493432085961, -0.00022020417964085937, -0.00016355898696929216, -0.00010691382340155542, -5.026866710977629e-05, 6.3764928199816495e-06, 6.302165274973959e-05, 0.00011966681631747633, 0.00017631196533329785, 0.0002329571289010346, 0.0002896023215726018, 0.00034624748514033854, 0.0004028926487080753, 0.00045953781227581203, 0.0005161829758435488, 0.0005728281103074551, 0.0006294733029790223, 0.0006861184374429286, 0.0007427635719068348, 0.0007994087063707411, 0.0008560538990423083, 0.0009126990335062146, 0.0009693442261777818, 0.001025989418849349, 0.0010826345533132553, 0.0011392796877771616, 0.0011959248222410679, 0.0012525699567049742, 0.0013092150911688805, 0.0013658603420481086, 0.0014225054765120149, 0.0014791506109759212, 0.0015357957454398274, 0.0015924409963190556, 0.0016490861307829618]}, "gradients/fc1.weight": {"_type": "histogram", "values": [2.0, 2.0, 1.0, 2.0, 1.0, 5.0, 5.0, 8.0, 2.0, 11.0, 10.0, 19.0, 28.0, 35.0, 38.0, 42.0, 53.0, 76.0, 92.0, 116.0, 127.0, 158.0, 181.0, 223.0, 250.0, 287.0, 339.0, 372.0, 464.0, 567.0, 834.0, 1286.0, 2851.0, 11340.0, 1151275.0, 4910.0, 1444.0, 629.0, 335.0, 264.0, 199.0, 157.0, 134.0, 89.0, 71.0, 54.0, 56.0, 34.0, 41.0, 28.0, 22.0, 19.0, 15.0, 14.0, 7.0, 7.0, 3.0, 3.0, 5.0, 2.0, 1.0, 0.0, 0.0, 3.0], "bins": [-0.011568409390747547, -0.011231299489736557, -0.010894188657402992, -0.010557078756392002, -0.010219968855381012, -0.009882858023047447, -0.009545748122036457, -0.009208638221025467, -0.008871527388691902, -0.008534417487680912, -0.008197306655347347, -0.007860196754336357, -0.007523086853325367, -0.0071859764866530895, -0.006848866119980812, -0.006511756218969822, -0.006174646317958832, -0.005837535951286554, -0.005500426050275564, -0.005163315683603287, -0.004826205782592297, -0.004489095415920019, -0.004151985049247742, -0.003814874915406108, -0.003477764315903187, -0.003140654182061553, -0.002803544048219919, -0.0024664336815476418, -0.002129323547706008, -0.0017922134138643742, -0.0014551031636074185, -0.001117992913350463, -0.0007808823138475418, -0.0004437721217982471, -0.00010666192974895239, 0.00023044826230034232, 0.000567558454349637, 0.0009046686463989317, 0.0012417788384482265, 0.001578889088705182, 0.0019159987568855286, 0.0022531088907271624, 0.002590219024568796, 0.0029273293912410736, 0.0032644395250827074, 0.003601549658924341, 0.003938660025596619, 0.004275769926607609, 0.0046128807589411736, 0.004949991125613451, 0.005287101026624441, 0.005624211393296719, 0.005961321294307709, 0.006298431660979986, 0.006635542027652264, 0.006972651928663254, 0.007309762295335531, 0.007646872662007809, 0.007983982563018799, 0.008321092464029789, 0.008658203296363354, 0.008995313197374344, 0.009332423098385334, 0.009669533930718899, 0.010006643831729889]}, "gradients/conv2.weight": {"_type": "histogram",